,id,software
0,oai:zbmath.org:5181224,SuperLU-DIST
1,oai:zbmath.org:5187737,SuperLU-DIST
3,oai:zbmath.org:5187739,SuperLU-DIST
4,oai:zbmath.org:7138575,SuperLU-DIST
5,oai:zbmath.org:7235951,SuperLU-DIST
6,oai:zbmath.org:5762200,SuperLU-DIST
8,oai:zbmath.org:5777718,SuperLU-DIST
10,oai:zbmath.org:5798197,SuperLU-DIST
11,oai:zbmath.org:7055073,SuperLU-DIST
12,oai:zbmath.org:7073637,SuperLU-DIST
13,oai:zbmath.org:5128211,SuperLU-DIST
14,oai:zbmath.org:7188252,SuperLU-DIST
15,oai:zbmath.org:7206170,SuperLU-DIST
16,oai:zbmath.org:5909607,SuperLU-DIST
17,oai:zbmath.org:5706020,SuperLU-DIST
18,oai:zbmath.org:6128531,SuperLU-DIST
19,oai:zbmath.org:6042299,SuperLU-DIST
20,oai:zbmath.org:6054722,SuperLU-DIST
21,oai:zbmath.org:5134450,SuperLU-DIST
22,oai:zbmath.org:7301661,SuperLU-DIST
23,oai:zbmath.org:7308040,SuperLU-DIST
24,oai:zbmath.org:7348524,SuperLU-DIST
25,oai:zbmath.org:6666873,SuperLU-DIST
27,oai:zbmath.org:6910452,SuperLU-DIST
28,oai:zbmath.org:7256640,SuperLU-DIST
29,oai:zbmath.org:6265830,SuperLU-DIST
30,oai:zbmath.org:6915848,SuperLU-DIST
31,oai:zbmath.org:6475762,SuperLU-DIST
32,oai:zbmath.org:6648376,SuperLU-DIST
33,oai:zbmath.org:6327173,SuperLU-DIST
34,oai:zbmath.org:5534910,SuperLU-DIST
35,oai:zbmath.org:5537689,SuperLU-DIST
36,oai:zbmath.org:5969837,SuperLU-DIST
37,oai:zbmath.org:5982908,SuperLU-DIST
38,oai:zbmath.org:6220134,SuperLU-DIST
39,oai:zbmath.org:6911772,SuperLU-DIST
40,oai:zbmath.org:7427370,SuperLU-DIST
41,oai:zbmath.org:6829565,MULTI2D
42,oai:zbmath.org:6842874,MULTI2D
43,oai:zbmath.org:6814015,MULTI2D
45,oai:zbmath.org:7115997,MULTI2D
46,oai:zbmath.org:5539651,MULTI2D
47,oai:zbmath.org:6145394,MULTI2D
48,oai:zbmath.org:7300617,MULTI2D
50,oai:zbmath.org:1115945,FIDAP
51,oai:zbmath.org:1383951,FIDAP
52,oai:zbmath.org:1618644,FIDAP
53,oai:zbmath.org:1654806,FIDAP
54,oai:zbmath.org:5048712,FIDAP
55,oai:zbmath.org:820342,FIDAP
57,oai:zbmath.org:9382,FIDAP
61,oai:zbmath.org:4209819,FIDAP
62,oai:zbmath.org:5492898,FIDAP
63,oai:zbmath.org:5186572,SHALL 4
64,oai:zbmath.org:6629773,SHALL 4
65,oai:zbmath.org:1103953,MXYZPTLK
66,oai:zbmath.org:5577822,MXYZPTLK
68,oai:zbmath.org:6816865,2LEV-D2P4
69,oai:zbmath.org:6496046,2LEV-D2P4
70,oai:zbmath.org:5777733,2LEV-D2P4
