id,software
oai:zbmath.org:5181224,SuperLU-DIST
oai:zbmath.org:5187737,SuperLU-DIST
oai:zbmath.org:5187739,SuperLU-DIST
oai:zbmath.org:7138575,SuperLU-DIST
oai:zbmath.org:7235951,SuperLU-DIST
oai:zbmath.org:5762200,SuperLU-DIST
oai:zbmath.org:5777718,SuperLU-DIST
oai:zbmath.org:5798197,SuperLU-DIST
oai:zbmath.org:7055073,SuperLU-DIST
oai:zbmath.org:7073637,SuperLU-DIST
oai:zbmath.org:5128211,SuperLU-DIST
oai:zbmath.org:7188252,SuperLU-DIST
oai:zbmath.org:7206170,SuperLU-DIST
oai:zbmath.org:5909607,SuperLU-DIST
oai:zbmath.org:5706020,SuperLU-DIST
oai:zbmath.org:6128531,SuperLU-DIST
oai:zbmath.org:6042299,SuperLU-DIST
oai:zbmath.org:6054722,SuperLU-DIST
oai:zbmath.org:5134450,SuperLU-DIST
oai:zbmath.org:7301661,SuperLU-DIST
oai:zbmath.org:7308040,SuperLU-DIST
oai:zbmath.org:7348524,SuperLU-DIST
oai:zbmath.org:6666873,SuperLU-DIST
oai:zbmath.org:6910452,SuperLU-DIST
oai:zbmath.org:7256640,SuperLU-DIST
oai:zbmath.org:6265830,SuperLU-DIST
oai:zbmath.org:6915848,SuperLU-DIST
oai:zbmath.org:6475762,SuperLU-DIST
oai:zbmath.org:6648376,SuperLU-DIST
oai:zbmath.org:6327173,SuperLU-DIST
oai:zbmath.org:5534910,SuperLU-DIST
oai:zbmath.org:5537689,SuperLU-DIST
oai:zbmath.org:5969837,SuperLU-DIST
oai:zbmath.org:5982908,SuperLU-DIST
oai:zbmath.org:6220134,SuperLU-DIST
oai:zbmath.org:6911772,SuperLU-DIST
oai:zbmath.org:7427370,SuperLU-DIST
oai:zbmath.org:6829565,MULTI2D
oai:zbmath.org:6842874,MULTI2D
oai:zbmath.org:6814015,MULTI2D
oai:zbmath.org:7115997,MULTI2D
oai:zbmath.org:5539651,MULTI2D
oai:zbmath.org:6145394,MULTI2D
oai:zbmath.org:7300617,MULTI2D
oai:zbmath.org:1115945,FIDAP
oai:zbmath.org:1383951,FIDAP
oai:zbmath.org:1618644,FIDAP
oai:zbmath.org:1654806,FIDAP
oai:zbmath.org:5048712,FIDAP
oai:zbmath.org:820342,FIDAP
oai:zbmath.org:9382,FIDAP
oai:zbmath.org:4209819,FIDAP
oai:zbmath.org:5492898,FIDAP
oai:zbmath.org:5186572,SHALL 4
oai:zbmath.org:6629773,SHALL 4
oai:zbmath.org:1103953,MXYZPTLK
oai:zbmath.org:5577822,MXYZPTLK
oai:zbmath.org:6816865,2LEV-D2P4
oai:zbmath.org:6496046,2LEV-D2P4
oai:zbmath.org:5777733,2LEV-D2P4
