paper_id,author_id
oai:zbmath.org:6648376,casoni.e
oai:zbmath.org:6648376,jerusalem.antoine
oai:zbmath.org:6648376,samaniego.cristobal
oai:zbmath.org:6648376,eguzkitza.beatriz
oai:zbmath.org:6648376,lafortune.pierre
oai:zbmath.org:6648376,tjahjanto.d-d
oai:zbmath.org:6648376,saez.x
oai:zbmath.org:6648376,houzeaux.guillaume
oai:zbmath.org:6648376,vazquez.mariano
oai:zbmath.org:6911772,povich.t-j
oai:zbmath.org:6911772,dawson.clint-n
oai:zbmath.org:6911772,farthing.matthew-w
oai:zbmath.org:6911772,kees.christopher-e
oai:zbmath.org:6910452,chavez.gustavo
oai:zbmath.org:6910452,turkiyyah.george-m
oai:zbmath.org:6910452,zampini.stefano
oai:zbmath.org:6910452,keyes.david-e
oai:zbmath.org:6915848,peters.franciane-conceicao
oai:zbmath.org:6915848,fontes.edivaldo-figueiredo-jun
oai:zbmath.org:6915848,mansur.webe-joao
oai:zbmath.org:6915848,soares-filho.djalma-manoel
oai:zbmath.org:6915848,da-silva-garcia-monteiro.cid
oai:zbmath.org:6915848,carvalho.pedro-g
oai:zbmath.org:5909607,de-vicente.javier
oai:zbmath.org:5909607,rodriguez.daniel-j
oai:zbmath.org:5909607,theofilis.vassilis
oai:zbmath.org:5909607,valero.eusebio
oai:zbmath.org:6265830,roberts.scott-a
oai:zbmath.org:6265830,rao.rekha-r
oai:zbmath.org:6666873,feldman.yuri
oai:zbmath.org:6666873,gulberg.yosef
oai:zbmath.org:6327173,guo.shu
oai:zbmath.org:6327173,ghosh.somnath
oai:zbmath.org:6475762,sanchez.eduardo-j
oai:zbmath.org:6475762,paolini.christopher-p
oai:zbmath.org:6475762,castillo.jose-e
oai:zbmath.org:5777718,luisier.mathieu
oai:zbmath.org:5777718,klimeck.gerhard
oai:zbmath.org:5798197,kundeti.vamsi-krishna
oai:zbmath.org:5798197,rajasekaran.sanguthevar
oai:zbmath.org:6220134,pingen.georg
oai:zbmath.org:6220134,evgrafov.anton
oai:zbmath.org:6220134,maute.kurt
oai:zbmath.org:6128531,jonsthovel.tom-b
oai:zbmath.org:6128531,van-gijzen.martin-b
oai:zbmath.org:6128531,maclachlan.scott-p
oai:zbmath.org:6128531,vuik.c
oai:zbmath.org:6128531,scarpas.a
oai:zbmath.org:5534910,duff.iain-s
oai:zbmath.org:5537689,gravvanis.george-a
oai:zbmath.org:5128211,polizzi.eric
oai:zbmath.org:5128211,sameh.ahmed-h
oai:zbmath.org:5134450,schenk.olaf
oai:zbmath.org:5134450,gartner.klaus
oai:zbmath.org:5181224,zlatev.zahari
oai:zbmath.org:5181224,dimov.ivan-todor
oai:zbmath.org:5187737,buttari.alfredo
oai:zbmath.org:5187737,dambra.pasqua
oai:zbmath.org:5187737,di-serafino.daniela
oai:zbmath.org:5187737,filippone.salvatore
oai:zbmath.org:5187739,gupta.anshul
oai:zbmath.org:5969837,manguoglu.murat
oai:zbmath.org:5982908,bientinesi.paolo
oai:zbmath.org:5982908,eijkhout.victor-l
oai:zbmath.org:5982908,kim.kyungjoo
oai:zbmath.org:5982908,kurtz.jason
oai:zbmath.org:5982908,van-de-geijn.robert-a
oai:zbmath.org:7188252,fohrmeister.volker
oai:zbmath.org:7188252,bartels.alexander
oai:zbmath.org:7188252,mosler.jorn
oai:zbmath.org:7138575,hu.xiukun
oai:zbmath.org:7138575,douglas.craig-c
oai:zbmath.org:5762200,rivera.christian-a
oai:zbmath.org:5762200,heniche.mourad
oai:zbmath.org:5762200,glowinski.roland
oai:zbmath.org:5762200,tanguy.philippe-a
oai:zbmath.org:7055073,pavarino.luca-franco
oai:zbmath.org:7055073,scacchi.simone
oai:zbmath.org:7055073,zampini.stefano
oai:zbmath.org:7073637,fang.jun
oai:zbmath.org:7073637,qian.jianliang
oai:zbmath.org:7073637,zepeda-nunez.leonardo
oai:zbmath.org:7073637,zhao.hongkai
oai:zbmath.org:5706020,hall.j-a-julian
oai:zbmath.org:6042299,babuska.ivo-m
oai:zbmath.org:6042299,banerjee.uday
oai:zbmath.org:6054722,pingen.georg
oai:zbmath.org:6054722,evgrafov.anton
oai:zbmath.org:6054722,maute.kurt
oai:zbmath.org:7206170,berardocco.luca
oai:zbmath.org:7206170,kronbichler.martin
oai:zbmath.org:7206170,gravemeier.volker
oai:zbmath.org:7256640,beams.natalie-n
oai:zbmath.org:7256640,gillman.adrianna
oai:zbmath.org:7256640,hewett.russell-j
oai:zbmath.org:7235951,cugu.ilke
oai:zbmath.org:7235951,manguoglu.murat
oai:zbmath.org:7301661,wong.zhi-yang
oai:zbmath.org:7301661,kwok.felix
oai:zbmath.org:7301661,horne.roland-n
oai:zbmath.org:7301661,tchelepi.hamdi-a
oai:zbmath.org:7308040,jolivet.pierre
oai:zbmath.org:7308040,roman.jose-e
oai:zbmath.org:7308040,zampini.stefano
oai:zbmath.org:7348524,farrell.patrick-emmet
oai:zbmath.org:7348524,mitchell.lawrence
oai:zbmath.org:7348524,scott.larkin-ridgway
oai:zbmath.org:7348524,wechsung.florian
oai:zbmath.org:7427370,bui.quan-m
oai:zbmath.org:7427370,hamon.francois-p
oai:zbmath.org:7427370,castelletto.nicola
oai:zbmath.org:7427370,osei-kuffuor.daniel
oai:zbmath.org:7427370,settgast.randolph-r
oai:zbmath.org:7427370,white.joshua-a
oai:zbmath.org:6829565,ramis.rafael
oai:zbmath.org:6145394,lin.zhiwei
oai:zbmath.org:6145394,jiang.shaoen
oai:zbmath.org:6145394,wu.shunchao
oai:zbmath.org:6145394,kuang.longyu
oai:zbmath.org:5539651,basko.mikhail-m
oai:zbmath.org:5539651,maruhn.joachim-alexander
oai:zbmath.org:5539651,tauschwitz.an
oai:zbmath.org:6842874,wu.fuyuan
oai:zbmath.org:6842874,ramis.rafael
oai:zbmath.org:6842874,li.zhenghong
oai:zbmath.org:6814015,sijoy.c-d
oai:zbmath.org:6814015,chaturvedi.shashank
oai:zbmath.org:7115997,nikl.jan
oai:zbmath.org:7115997,kucharik.milan
oai:zbmath.org:7115997,limpouch.jiri
oai:zbmath.org:7115997,liska.richard
oai:zbmath.org:7115997,weber.stefan
oai:zbmath.org:7300617,park.hyeongkae
oai:zbmath.org:7300617,chacon.luis
oai:zbmath.org:7300617,matsekh.anna-m
oai:zbmath.org:7300617,chen.guangye
oai:zbmath.org:9382,renardy.michael
oai:zbmath.org:9382,renardy.yuriko-yamamuro
oai:zbmath.org:5048712,aidun.cyrus-k
oai:zbmath.org:5048712,lu.yannan
oai:zbmath.org:1115945,chow.edmond-g-w
oai:zbmath.org:1115945,saad.yousef
oai:zbmath.org:1383951,de-farias-neto.severino-rodrigues
oai:zbmath.org:1383951,legentilhomme.patrick
oai:zbmath.org:1383951,legrand.jack
oai:zbmath.org:820342,thomas.brian-g
oai:zbmath.org:820342,najjar.fady-m
oai:zbmath.org:1618644,saad.yousef
oai:zbmath.org:1618644,zhang.jun
oai:zbmath.org:1654806,de-farias-neto.severino-rodrigues
oai:zbmath.org:1654806,legentilhomme.patrick
oai:zbmath.org:1654806,legrand.jack
oai:zbmath.org:5492898,zhao.chongbin
oai:zbmath.org:5492898,hobbs.bruce-e
oai:zbmath.org:5492898,ord.alison
oai:zbmath.org:4209819,pulicani.j-p
oai:zbmath.org:4209819,ouazzani.jalil
oai:zbmath.org:6629773,sathinarain.m
oai:zbmath.org:6629773,harley.charis
oai:zbmath.org:6629773,momoniat.ebrahim
oai:zbmath.org:5186572,li.jichun
oai:zbmath.org:5186572,chen.yitung
oai:zbmath.org:5186572,liu.guoqing
oai:zbmath.org:5577822,bischof.christian-h
oai:zbmath.org:5577822,hovland.paul-d
oai:zbmath.org:5577822,norris.boyana
oai:zbmath.org:1103953,shevchenko.a-n
oai:zbmath.org:1103953,rokityanskaya.v-n
oai:zbmath.org:6496046,dambra.pasqua
oai:zbmath.org:6496046,filippone.salvatore
oai:zbmath.org:5777733,emans.maximilian
oai:zbmath.org:6816865,borzi.alfio
oai:zbmath.org:6816865,de-simone.valentina
oai:zbmath.org:6816865,di-serafino.daniela
