author_id,author_name
aidun.cyrus-k,"Aidun, Cyrus K."
babuska.ivo-m,"Babuška, I."
banerjee.uday," Banerjee, U."
bartels.alexander," Bartels, Alexander"
basko.mikhail-m,"Basko, M. M."
beams.natalie-n,"Beams, Natalie N."
berardocco.luca,"Berardocco, Luca"
bientinesi.paolo,"Bientinesi, Paolo"
bischof.christian-h,"Bischof, Christian H."
borzi.alfio,"Borzì, Alfio"
bui.quan-m,"Bui, Quan M."
buttari.alfredo,"Buttari, Alfredo"
carvalho.pedro-g," Carvalho, Pedro"
casoni.e,"Casoni, E."
castelletto.nicola," Castelletto, Nicola"
castillo.jose-e," Castillo, Jose E."
chacon.luis," Chacón, L."
chaturvedi.shashank," Chaturvedi, S."
chavez.gustavo,"Chávez, Gustavo"
chen.guangye," Chen, G."
chen.yitung," Chen, Yitung"
chow.edmond-g-w,"Chow, Edmond"
cugu.ilke,"Çuğu, İlke"
da-silva-garcia-monteiro.cid," da Silva Garcia Monteiro, Cid"
dambra.pasqua,"D'Ambra, Pasqua"
dambra.pasqua," D'Ambra, Pasqua"
dawson.clint-n," Dawson, C. N."
de-farias-neto.severino-rodrigues,"de Farias Neto, S. R."
de-farias-neto.severino-rodrigues,"de Farias Neto, Severino Rodrigues"
de-simone.valentina," De Simone, Valentina"
de-vicente.javier,"de Vicente, Javier"
di-serafino.daniela," di Serafino, Daniela"
dimov.ivan-todor," Dimov, Ivan"
douglas.craig-c," Douglas, Craig C."
duff.iain-s,"Duff, Iain S."
eguzkitza.beatriz," Eguzkitza, B."
eijkhout.victor-l," Eijkhout, Victor"
emans.maximilian,"Emans, Maximilian"
evgrafov.anton," Evgrafov, Anton"
fang.jun,"Fang, Jun"
farrell.patrick-emmet,"Farrell, Patrick E."
farthing.matthew-w," Farthing, M. W."
feldman.yuri,"Feldman, Yuri"
filippone.salvatore," Filippone, Salvatore"
fohrmeister.volker,"Fohrmeister, Volker"
fontes.edivaldo-figueiredo-jun," Fontes Junior, Edivaldo Figueiredo"
gartner.klaus," Gärtner, Klaus"
ghosh.somnath," Ghosh, Somnath"
gillman.adrianna," Gillman, Adrianna"
glowinski.roland," Glowinski, Roland"
gravemeier.volker," Gravemeier, Volker"
gravvanis.george-a,"Gravvanis, George A."
gulberg.yosef," Gulberg, Yosef"
guo.shu,"Guo, Shu"
gupta.anshul,"Gupta, Anshul"
hall.j-a-julian,"Hall, J. A. J."
hamon.francois-p," Hamon, François P."
harley.charis," Harley, C."
heniche.mourad," Heniche, Mourad"
hewett.russell-j," Hewett, Russell J."
hobbs.bruce-e," Hobbs, Bruce E."
horne.roland-n," Horne, Roland N."
houzeaux.guillaume," Houzeaux, G."
hovland.paul-d," Hovland, Paul D."
hu.xiukun,"Hu, Xiukun"
jerusalem.antoine," Jérusalem, A."
jiang.shaoen," Jiang, Shaoen"
jolivet.pierre,"Jolivet, Pierre"
jonsthovel.tom-b,"Jönsthövel, T. B."
kees.christopher-e," Kees, C. E."
keyes.david-e," Keyes, David"
kim.kyungjoo," Kim, Kyungjoo"
klimeck.gerhard," Klimeck, Gerhard"
kronbichler.martin," Kronbichler, Martin"
kuang.longyu," Kuang, Longyu"
kucharik.milan," Kuchařík, Milan"
kundeti.vamsi-krishna,"Kundeti, Vamsi"
kurtz.jason," Kurtz, Jason"
kwok.felix," Kwok, Felix"
lafortune.pierre," Lafortune, P."
legentilhomme.patrick," Legentilhomme, P."
legentilhomme.patrick," Legentilhomme, Patrick"
legrand.jack," Legrand, J."
legrand.jack," Legrand, Jack"
li.jichun,"Li, Jichun"
li.zhenghong," Li, Zhenghong"
limpouch.jiri," Limpouch, Jiří"
lin.zhiwei,"Lin, Zhiwei"
liska.richard," Liska, Richard"
liu.guoqing," Liu, Guoqing"
lu.yannan," Lu, Yannan"
luisier.mathieu,"Luisier, Mathieu"
maclachlan.scott-p," MacLachlan, S."
manguoglu.murat," Manguoğlu, Murat"
manguoglu.murat,"Manguoglu, Murat"
mansur.webe-joao," Mansur, Webe João"
maruhn.joachim-alexander," Maruhn, J."
matsekh.anna-m," Matsekh, A."
maute.kurt," Maute, Kurt"
mitchell.lawrence," Mitchell, Lawrence"
momoniat.ebrahim," Momoniat, E."
mosler.jorn," Mosler, Jörn"
najjar.fady-m," Najjar, Fady M."
nikl.jan,"Nikl, Jan"
norris.boyana," Norris, Boyana"
ord.alison," Ord, Alison"
osei-kuffuor.daniel," Osei-Kuffuor, Daniel"
ouazzani.jalil," Ouazzani, J."
paolini.christopher-p," Paolini, Christopher P."
park.hyeongkae,"Park, H."
pavarino.luca-franco,"Pavarino, L. F."
peters.franciane-conceicao,"Peters, Franciane Conceição"
pingen.georg,"Pingen, Georg"
polizzi.eric,"Polizzi, Eric"
povich.t-j,"Povich, T. J."
pulicani.j-p,"Pulicani, J. P."
qian.jianliang," Qian, Jianliang"
rajasekaran.sanguthevar," Rajasekaran, Sanguthevar"
ramis.rafael,"Ramis, Rafael"
ramis.rafael," Ramis, Rafael"
rao.rekha-r," Rao, Rekha R."
renardy.michael,"Renardy, Michael"
renardy.yuriko-yamamuro," Renardy, Yuriko"
rivera.christian-a,"Rivera, Christian A."
roberts.scott-a,"Roberts, Scott A."
rodriguez.daniel-j," Rodríguez, Daniel"
rokityanskaya.v-n," Rokityanskaya, V. N."
roman.jose-e," Roman, Jose E."
saad.yousef,"Saad, Yousef"
saad.yousef," Saad, Yousef"
saez.x," Sáez, X."
samaniego.cristobal," Samaniego, C."
sameh.ahmed-h," Sameh, Ahmed"
sanchez.eduardo-j,"Sanchez, Eduardo J."
sathinarain.m,"Sathinarain, M."
scacchi.simone," Scacchi, S."
scarpas.a," Scarpas, A."
schenk.olaf,"Schenk, Olaf"
scott.larkin-ridgway," Scott, L. Ridgway"
settgast.randolph-r," Settgast, Randolph R."
shevchenko.a-n,"Shevchenko, A. N."
sijoy.c-d,"Sijoy, C. D."
soares-filho.djalma-manoel," Soares Filho, Djalma Manoel"
tanguy.philippe-a," Tanguy, Philippe A."
tauschwitz.an," Tauschwitz, An."
tchelepi.hamdi-a," Tchelepi, Hamdi A."
theofilis.vassilis," Theofilis, Vassilis"
thomas.brian-g,"Thomas, Brian G."
tjahjanto.d-d," Tjahjanto, D. D."
turkiyyah.george-m," Turkiyyah, George"
valero.eusebio," Valero, Eusebio"
van-de-geijn.robert-a," Van De Geijn, Robert"
van-gijzen.martin-b," van Gijzen, M. B."
vazquez.mariano," Vázquez, M."
vuik.c," Vuik, C."
weber.stefan," Weber, Stefan"
wechsung.florian," Wechsung, Florian"
white.joshua-a," White, Joshua A."
wong.zhi-yang,"Wong, Zhi Yang"
wu.fuyuan,"Wu, Fuyuan"
wu.shunchao," Wu, Shunchao"
zampini.stefano," Zampini, Stefano"
zampini.stefano," Zampini, S."
zepeda-nunez.leonardo," Zepeda-Núñez, Leonardo"
zhang.jun," Zhang, Jun"
zhao.chongbin,"Zhao, Chongbin"
zhao.hongkai," Zhao, Hongkai"
zlatev.zahari,"Zlatev, Zahari"
