id,author,author_ids,document_title,source,classifications,language,links,keywords,doi,publication_year,serial
oai:zbmath.org:6648376,"Casoni, E.; Jérusalem, A.; Samaniego, C.; Eguzkitza, B.; Lafortune, P.; Tjahjanto, D. D.; Sáez, X.; Houzeaux, G.; Vázquez, M.",casoni.e;jerusalem.antoine;samaniego.cristobal;eguzkitza.beatriz;lafortune.pierre;tjahjanto.d-d;saez.x;houzeaux.guillaume;vazquez.mariano,Alya: computational solid mechanics for supercomputers,"Arch. Comput. Methods Eng. 22, No. 4, 557-576 (2015).",74-04;74Sxx;65N22;65Y05;65Y15,English,http://hdl.handle.net/2117/84764,computational mechanics;finite element method;parallel computing;Chimera,10.1007/s11831-014-9126-8,2015,"Archives of Computational Methods in Engineering;Springer Netherlands, Dordrecht; International Center for Numerical Methods in Engineering (CIMNE), Barcelona"
oai:zbmath.org:6911772,"Povich, T. J.; Dawson, C. N.; Farthing, M. W.; Kees, C. E.",povich.t-j;dawson.clint-n;farthing.matthew-w;kees.christopher-e,Finite element methods for variable density flow and solute transport,"Comput. Geosci. 17, No. 3, 529-549 (2013).",76M10;76S05;65M60,English,,saltwater intrusion;variable density;stabilized FEM;velocity post-processing,10.1007/s10596-012-9330-2,2013,"Computational Geosciences;Springer International Publishing, Cham"
oai:zbmath.org:6910452,"Chávez, Gustavo; Turkiyyah, George; Zampini, Stefano; Keyes, David",chavez.gustavo;turkiyyah.george-m;zampini.stefano;keyes.david-e,Parallel accelerated cyclic reduction preconditioner for three-dimensional elliptic PDEs with variable coefficients,"J. Comput. Appl. Math. 344, 760-781 (2018).",65F08;65N22;65Y05,English,,preconditioning;cyclic reduction;hierarchical matrices,10.1016/j.cam.2017.11.035,2018,"Journal of Computational and Applied Mathematics;Elsevier (North-Holland), Amsterdam"
oai:zbmath.org:6915848,"Peters, Franciane Conceição; Fontes Junior, Edivaldo Figueiredo; Mansur, Webe João; Soares Filho, Djalma Manoel; da Silva Garcia Monteiro, Cid; Carvalho, Pedro",peters.franciane-conceicao;fontes.edivaldo-figueiredo-jun;mansur.webe-joao;soares-filho.djalma-manoel;da-silva-garcia-monteiro.cid;carvalho.pedro-g,An adaptive meshless parameterization for full waveform inversion,"Eng. Anal. Bound. Elem. 83, 113-122 (2017).",65N21,English,,inverse problems;meshless;parameterization;adaptivity;wave equation;spring analogy,10.1016/j.enganabound.2017.07.006,2017,"Engineering Analysis with Boundary Elements;Elsevier, Oxford; Association with the International Society of Boundary Elements (ISBE)"
oai:zbmath.org:5909607,"de Vicente, Javier; Rodríguez, Daniel; Theofilis, Vassilis; Valero, Eusebio",de-vicente.javier;rodriguez.daniel-j;theofilis.vassilis;valero.eusebio,Stability analysis in spanwise-periodic double-sided lid-driven cavity flows with complex cross-sectional profiles,"Comput. Fluids 43, No. 1, 143-153 (2011).",76M22;65N35,English,http://oa.upm.es/10450/,spectral multi-domain method;Chebyshev collocation technique;biglobal instability analysis;lid-driven cavity flows;sparse-serial vs dense-parallel algorithm,10.1016/j.compfluid.2010.09.033,2011,"Computers and Fluids;Elsevier (Pergamon), Oxford"
oai:zbmath.org:6265830,"Roberts, Scott A.; Rao, Rekha R.",roberts.scott-a;rao.rekha-r,Numerical simulations of mounding and submerging flows of shear-thinning jets impinging in a container,"J. Non-Newton. Fluid Mech. 166, No. 19-20, 1100-1115 (2011).",76A05;76M10,English,https://zenodo.org/record/1259143,CFD;finite element method;free surface flow;jet;non-Newtonian;shear-thinning,10.1016/j.jnnfm.2011.06.006,2011,"Journal of Non-Newtonian Fluid Mechanics;Elsevier Science B.V., Amsterdam"
oai:zbmath.org:6666873,"Feldman, Yuri; Gulberg, Yosef",feldman.yuri;gulberg.yosef,An extension of the immersed boundary method based on the distributed Lagrange multiplier approach,"J. Comput. Phys. 322, 248-266 (2016).",76M12;65M08;76D05,English,,linear stability analysis;immersed boundary method;fully pressure-velocity coupling approach;distributed Lagrange multiplier,10.1016/j.jcp.2016.06.039,2016,"Journal of Computational Physics;Elsevier (Academic Press), Amsterdam"
oai:zbmath.org:6327173,"Guo, Shu; Ghosh, Somnath",guo.shu;ghosh.somnath,A finite element model for coupled 3D transient electromagnetic and structural dynamics problems,"Comput. Mech. 54, No. 2, 407-424 (2014).",78M10;74F15;78A25;74S05;65N30,English,,coupled multiphysics;dynamic finite deformation;transient electromagnetic;time-domain finite element method,10.1007/s00466-014-0994-4,2014,"Computational Mechanics;Springer, Berlin/Heidelberg"
oai:zbmath.org:6475762,"Sanchez, Eduardo J.; Paolini, Christopher P.; Castillo, Jose E.",sanchez.eduardo-j;paolini.christopher-p;castillo.jose-e,The mimetic methods toolkit: an object-oriented API for mimetic finite differences,"J. Comput. Appl. Math. 270, 308-322 (2014).",65N06;68N19,English,,object-oriented development;partial differential equations;application programming interfaces;mimetic finite differences;Castillo-Grone method,10.1016/j.cam.2013.12.046,2014,"Journal of Computational and Applied Mathematics;Elsevier (North-Holland), Amsterdam"
oai:zbmath.org:5777718,"Luisier, Mathieu; Klimeck, Gerhard",luisier.mathieu;klimeck.gerhard,Numerical strategies towards peta-scale simulations of nanoelectronics devices,"Parallel Comput. 36, No. 2-3, 117-128 (2010).",68U20;68M99,English,,nanoelectronics;atomistic device simulations;high performance computing;peta-scale,10.1016/j.parco.2010.01.003,2010,"Parallel Computing;Elsevier (North Holland), Amsterdam"
oai:zbmath.org:5798197,"Kundeti, Vamsi; Rajasekaran, Sanguthevar",kundeti.vamsi-krishna;rajasekaran.sanguthevar,Fast algorithms for placing large entries along the diagonal of a sparse matrix,"J. Comput. Appl. Math. 235, No. 3, 756-764 (2010).",65F50,English,,sparse matrix algorithms;pre ordering sparse matrix;diagonally dominant sparse matrix;weighted matching algorithms;bipartite matching;combinatorial optimization,10.1016/j.cam.2010.07.002,2010,"Journal of Computational and Applied Mathematics;Elsevier (North-Holland), Amsterdam"
oai:zbmath.org:6220134,"Pingen, Georg; Evgrafov, Anton; Maute, Kurt",pingen.georg;evgrafov.anton;maute.kurt,Topology optimization of flow domains using the lattice Boltzmann method,"Struct. Multidiscip. Optim. 34, No. 6, 507-524 (2007).",76M28;76D55;76D05,English,,,10.1007/s00158-007-0105-7,2007,"Structural and Multidisciplinary Optimization;Springer, Heidelberg"
oai:zbmath.org:6128531,"Jönsthövel, T. B.; van Gijzen, M. B.; MacLachlan, S.; Vuik, C.; Scarpas, A.",jonsthovel.tom-b;van-gijzen.martin-b;maclachlan.scott-p;vuik.c;scarpas.a,Comparison of the deflated preconditioned conjugate gradient method and algebraic multigrid for composite materials,"Comput. Mech. 50, No. 3, 321-333 (2012).",74S05;74E30;65F10;65N55;65Y05;65F50,English,,deflation;algebraic multigrid;preconditioners;conjugate gradients;rigid body modes;CT scan;structural mechanics,10.1007/s00466-011-0661-y,2012,"Computational Mechanics;Springer, Berlin/Heidelberg"
oai:zbmath.org:5534910,"Duff, Iain S.",duff.iain-s,The design and use of a sparse direct solver for skew symmetric matrices,"J. Comput. Appl. Math. 226, No. 1, 50-54 (2009).",65F05;65F35;65F50,English,,direct solver;sparse skew symmetric matrices;Gaussian elimination;multifrontal method;matching;graph collapsing;convection-diffusion equations;preconditioning;GMRES;numerical examples;algorithms,10.1016/j.cam.2008.05.016,2009,"Journal of Computational and Applied Mathematics;Elsevier (North-Holland), Amsterdam"
oai:zbmath.org:5537689,"Gravvanis, George A.",gravvanis.george-a,OpenMP based parallel normalized direct methods for sparse finite element linear systems,"J. Supercomput. 47, No. 1, 44-52 (2009).",65F50;65F05;65Y05,English,,Sparse linear systems;Parallel normalized exact inverse algorithms,10.1007/s11227-008-0196-y,2009,"The Journal of Supercomputing;Springer, Norwell, MA"
oai:zbmath.org:5128211,"Polizzi, Eric; Sameh, Ahmed",polizzi.eric;sameh.ahmed-h,SPIKE: A parallel environment for solving banded linear systems,"Comput. Fluids 36, No. 1, 113-120 (2007).",76M25;65Y05;68M20,English,,,10.1016/j.compfluid.2005.07.005,2007,"Computers and Fluids;Elsevier (Pergamon), Oxford"
oai:zbmath.org:5134450,"Schenk, Olaf; Gärtner, Klaus",schenk.olaf;gartner.klaus,On fast factorization pivoting methods for sparse symmetric indefinite systems,"ETNA, Electron. Trans. Numer. Anal. 23, 158-179 (2006).",65F05;65F50,English,https://eudml.org/doc/127439;http://etna.mcs.kent.edu/vol.23.2006/pp158-179.dir/pp158-179.html,direct solver;sparse matrices;graph algorithms;symmetric indefinite matrix;interior point optimization;numerical experiments,,2006,"ETNA. Electronic Transactions on Numerical Analysis;Kent State University, Department of Mathematics and Computer Science, Kent"
oai:zbmath.org:5181224,"Zlatev, Zahari; Dimov, Ivan",zlatev.zahari;dimov.ivan-todor,Computational and numerical challenges in environmental modelling,"Studies in Computational Mathematics 13. Amsterdam: Elsevier (ISBN 978-0-444-52209-2). xviii, 373~p. (2006).",65M20;65-02;65Y05;35Kxx,English,http://www.sciencedirect.com/science/book/9780444522092,textbook;parallel computation;semidiscretization;systems of partial differential equations;systems of ordinary differential equations,,2006,"Studies in Computational Mathematics;Elsevier, Amsterdam"
oai:zbmath.org:5187737,"Buttari, Alfredo; D'Ambra, Pasqua; di Serafino, Daniela; Filippone, Salvatore",buttari.alfredo;dambra.pasqua;di-serafino.daniela;filippone.salvatore,2LEV-D2P4: a package of high-performance preconditioners for scientific and engineering applications,"Appl. Algebra Eng. Commun. Comput. 18, No. 3, 223-239 (2007).",65F35;65F10;65Y15;65Y05,English,,parallel numerical software;algebraic two-level preconditioners;sparse linear algebra;numerical examples;domain decomposition;additive Schwarz preconditioners;large-scale linear systems,10.1007/s00200-007-0035-z,2007,"Applicable Algebra in Engineering, Communication and Computing;Springer, Berlin/Heidelberg"
oai:zbmath.org:5187739,"Gupta, Anshul",gupta.anshul,A shared- and distributed-memory parallel general sparse direct solver,"Appl. Algebra Eng. Commun. Comput. 18, No. 3, 263-277 (2007).",65F05;65F50;68W30;65Y05,English,,sparse matrix factorization;parallel sparse solvers;multifrontal methods;sparse LU decomposition;symbolic computation;numerical examples;parallel computation;algorithms;sparse Gaussian elimination;partial pivoting,10.1007/s00200-007-0037-x,2007,"Applicable Algebra in Engineering, Communication and Computing;Springer, Berlin/Heidelberg"
oai:zbmath.org:5969837,"Manguoglu, Murat",manguoglu.murat,A domain-decomposing parallel sparse linear system solver,"J. Comput. Appl. Math. 236, No. 3, 319-325 (2011).",65F10;65F05;65Y05,English,,sparse linear systems;parallel solvers;direct solvers;iterative solvers;numerical examples,10.1016/j.cam.2011.07.017,2011,"Journal of Computational and Applied Mathematics;Elsevier (North-Holland), Amsterdam"
oai:zbmath.org:5982908,"Bientinesi, Paolo; Eijkhout, Victor; Kim, Kyungjoo; Kurtz, Jason; Van De Geijn, Robert",bientinesi.paolo;eijkhout.victor-l;kim.kyungjoo;kurtz.jason;van-de-geijn.robert-a,Sparse direct factorizations through unassembled hyper-matrices,"Comput. Methods Appl. Mech. Eng. 199, No. 9-12, 430-438 (2010).",65N30;65F50,English,http://citeseerx.ist.psu.edu/viewdoc/summary?doi=10.1.1.330.4769,factorizations;Gaussian elimination;sparse matrices;\(hp\)-adaptive finite elements,10.1016/j.cma.2009.07.012,2010,"Computer Methods in Applied Mechanics and Engineering;Elsevier (North-Holland), Amsterdam"
oai:zbmath.org:7188252,"Fohrmeister, Volker; Bartels, Alexander; Mosler, Jörn",fohrmeister.volker;bartels.alexander;mosler.jorn,Variational updates for thermomechanically coupled gradient-enhanced elastoplasticity -- implementation based on hyper-dual numbers,"Comput. Methods Appl. Mech. Eng. 339, 239-261 (2018).",74C05;74S05;65M60;65Y05,English,,hyper-dual numbers;numerical differentiation;variational constitutive updates;thermomechanical coupling;gradient-enhanced elastoplasticity,10.1016/j.cma.2018.04.047,2018,"Computer Methods in Applied Mechanics and Engineering;Elsevier (North-Holland), Amsterdam"
oai:zbmath.org:7138575,"Hu, Xiukun; Douglas, Craig C.",hu.xiukun;douglas.craig-c,Performance and scalability analysis of a coupled dual porosity Stokes model implemented with FEniCS,"Japan J. Ind. Appl. Math. 36, No. 3, 1039-1054 (2019).",76S05;76M10;65M60;65M12,English,,domain decomposition;finite element method;parallel computing;performance,10.1007/s13160-019-00381-3,2019,"Japan Journal of Industrial and Applied Mathematics;Springer Japan, Tokyo"
oai:zbmath.org:5762200,"Rivera, Christian A.; Heniche, Mourad; Glowinski, Roland; Tanguy, Philippe A.",rivera.christian-a;heniche.mourad;glowinski.roland;tanguy.philippe-a,Parallel finite element simulations of incompressible viscous fluid flow by domain decomposition with Lagrange multipliers,"J. Comput. Phys. 229, No. 13, 5123-5143 (2010).",76M10;65N30;65N55;65Y05,English,,Lagrange multiplier method;finite element method;parallel computing;Krylov methods;domain decomposition method;mesh partition;ILU preconditioning;Stokes equations,10.1016/j.jcp.2010.03.028,2010,"Journal of Computational Physics;Elsevier (Academic Press), Amsterdam"
oai:zbmath.org:7055073,"Pavarino, L. F.; Scacchi, S.; Zampini, S.",pavarino.luca-franco;scacchi.simone;zampini.stefano,Newton-Krylov-BDDC solvers for nonlinear cardiac mechanics,"Comput. Methods Appl. Mech. Eng. 295, 562-580 (2015).",74S05;92C10;65M60;74B20;74L15,English,,finite elasticity;cardiac contraction and relaxation;cardiac electro-mechanical coupling;finite element methods;domain decomposition methods;BDDC preconditioners,10.1016/j.cma.2015.07.009,2015,"Computer Methods in Applied Mechanics and Engineering;Elsevier (North-Holland), Amsterdam"
oai:zbmath.org:7073637,"Fang, Jun; Qian, Jianliang; Zepeda-Núñez, Leonardo; Zhao, Hongkai",fang.jun;qian.jianliang;zepeda-nunez.leonardo;zhao.hongkai,A hybrid approach to solve the high-frequency Helmholtz equation with source singularity in smooth heterogeneous media,"J. Comput. Phys. 371, 261-279 (2018).",65N30;35J05;65N15,English,https://arxiv.org/abs/1710.02307,Helmholtz equation;Babich's expansion;ray-FEM;numerical microlocal analysis,10.1016/j.jcp.2018.03.011,2018,"Journal of Computational Physics;Elsevier (Academic Press), Amsterdam"
oai:zbmath.org:5706020,"Hall, J. A. J.",hall.j-a-julian,Towards a practical parallelisation of the simplex method,"Comput. Manag. Sci. 7, No. 2, 139-170 (2010).",90C05,English,https://www.pure.ed.ac.uk/ws/files/17773139/Towards_a_practical_parallelisation_of_the_simplex_method.pdf,sparse,10.1007/s10287-008-0080-5,2010,"Computational Management Science;Springer, Berlin/Heidelberg"
oai:zbmath.org:6042299,"Babuška, I.; Banerjee, U.",babuska.ivo-m;banerjee.uday,Stable generalized finite element method (SGFEM),"Comput. Methods Appl. Mech. Eng. 201-204, 91-111 (2012).",74S05;65N30;65N12,English,https://arxiv.org/abs/1104.0960,generalized finite element method (GFEM);partition of unity (PU);extended finite element method (XFEM);approximation;condition number;validation and verification,10.1016/j.cma.2011.09.012,2012,"Computer Methods in Applied Mechanics and Engineering;Elsevier (North-Holland), Amsterdam"
oai:zbmath.org:6054722,"Pingen, Georg; Evgrafov, Anton; Maute, Kurt",pingen.georg;evgrafov.anton;maute.kurt,Adjoint parameter sensitivity analysis for the hydrodynamic lattice Boltzmann method with applications to design optimization,"Comput. Fluids 38, No. 4, 910-923 (2009).",76M25;76N25,English,,,10.1016/j.compfluid.2008.10.002,2009,"Computers and Fluids;Elsevier (Pergamon), Oxford"
oai:zbmath.org:7206170,"Berardocco, Luca; Kronbichler, Martin; Gravemeier, Volker",berardocco.luca;kronbichler.martin;gravemeier.volker,A hybridizable discontinuous Galerkin method for electromagnetics with a view on subsurface applications,"Comput. Methods Appl. Mech. Eng. 366, Article ID 113071, 14 p. (2020).",78A25;65M60,English,https://arxiv.org/abs/1904.10257,Maxwell's equations;electromagnetic diffusion equation;hybridized discontinuous Galerkin;time-domain;implicit time-integration,10.1016/j.cma.2020.113071,2020,"Computer Methods in Applied Mechanics and Engineering;Elsevier (North-Holland), Amsterdam"
oai:zbmath.org:7256640,"Beams, Natalie N.; Gillman, Adrianna; Hewett, Russell J.",beams.natalie-n;gillman.adrianna;hewett.russell-j,A parallel shared-memory implementation of a high-order accurate solution technique for variable coefficient Helmholtz problems,"Comput. Math. Appl. 79, No. 4, 996-1011 (2020).",65N35;65Y05,English,https://arxiv.org/abs/1812.07167,numerical partial differential equations;direct solver;high-order discretization;OpenMP;shared-memory parallelization;MKL,10.1016/j.camwa.2019.08.019,2020,"Computers \& Mathematics with Applications;Elsevier (Pergamon), Oxford"
oai:zbmath.org:7235951,"Çuğu, İlke; Manguoğlu, Murat",cugu.ilke;manguoglu.murat,A parallel multithreaded sparse triangular linear system solver,"Comput. Math. Appl. 80, No. 2, 371-385 (2020).",65F05;65Y05,English,,sparse triangular linear systems;direct methods;parallel computing,10.1016/j.camwa.2019.09.012,2020,"Computers \& Mathematics with Applications;Elsevier (Pergamon), Oxford"
oai:zbmath.org:7301661,"Wong, Zhi Yang; Kwok, Felix; Horne, Roland N.; Tchelepi, Hamdi A.",wong.zhi-yang;kwok.felix;horne.roland-n;tchelepi.hamdi-a,Sequential-implicit Newton method for multiphysics simulation,"J. Comput. Phys. 391, 155-178 (2019).",86A04;86A05;76S05;65M60;65M08;65Z05;86-08,English,,sequential-implicit;Newton's method;geothermal;geomechanics;reservoir simulation;multiphysics,10.1016/j.jcp.2019.04.023,2019,"Journal of Computational Physics;Elsevier (Academic Press), Amsterdam"
oai:zbmath.org:7308040,"Jolivet, Pierre; Roman, Jose E.; Zampini, Stefano",jolivet.pierre;roman.jose-e;zampini.stefano,KSPHPDDM and PCHPDDM: extending PETSc with advanced Krylov methods and robust multilevel overlapping Schwarz preconditioners,"Comput. Math. Appl. 84, 277-295 (2021)",65-XX;34-XX,English,,Krylov methods;domain decomposition preconditioners;distributed-memory parallel computing,10.1016/j.camwa.2021.01.003,2021,"Computers \& Mathematics with Applications;Elsevier (Pergamon), Oxford"
oai:zbmath.org:7348524,"Farrell, Patrick E.; Mitchell, Lawrence; Scott, L. Ridgway; Wechsung, Florian",farrell.patrick-emmet;mitchell.lawrence;scott.larkin-ridgway;wechsung.florian,A Reynolds-robust preconditioner for the Scott-Vogelius discretization of the stationary incompressible Navier-Stokes equations,"SMAI J. Comput. Math. 7, 75-96 (2021).",65N55;65N30;65F08;76D05;76M10;35Q30,English,,Navier-Stokes;Scott-Vogelius element;exactly divergence-free;multigrid;preconditioning;Reynolds-robust solvers,10.5802/smai-jcm.72,2021,"SMAI Journal of Computational Mathematics;French Mathematical Society for Applied and Industrial Mathematics, Institut Henri Poincaré, Paris"
oai:zbmath.org:7427370,"Bui, Quan M.; Hamon, François P.; Castelletto, Nicola; Osei-Kuffuor, Daniel; Settgast, Randolph R.; White, Joshua A.",bui.quan-m;hamon.francois-p;castelletto.nicola;osei-kuffuor.daniel;settgast.randolph-r;white.joshua-a,Multigrid reduction preconditioning framework for coupled processes in porous and fractured media,"Comput. Methods Appl. Mech. Eng. 387, Article ID 114111, 20 p. (2021)",76-XX;86-XX,English,,preconditioning;algebraic multigrid;hydraulic fracturing;compositional flow;mimetic finite difference method,10.1016/j.cma.2021.114111,2021,"Computer Methods in Applied Mechanics and Engineering;Elsevier (North-Holland), Amsterdam"
oai:zbmath.org:6829565,"Ramis, Rafael",ramis.rafael,One-dimensional Lagrangian implicit hydrodynamic algorithm for inertial confinement fusion applications,"J. Comput. Phys. 330, 173-191 (2017).",76M25;76L05;76X05,English,,inertial confinement fusion;computational fluid dynamics;Lagrangian scheme,10.1016/j.jcp.2016.11.011,2017,"Journal of Computational Physics;Elsevier (Academic Press), Amsterdam"
oai:zbmath.org:6145394,"Lin, Zhiwei; Jiang, Shaoen; Wu, Shunchao; Kuang, Longyu",lin.zhiwei;jiang.shaoen;wu.shunchao;kuang.longyu,A local rezoning and remapping method for unstructured mesh,"Comput. Phys. Commun. 182, No. 6, 1361-1376 (2011).",76M99;65M50;65N50,English,,ALE methods;rezoning;remapping;mesh closure;mesh union;unstructured mesh;ICF simulation,10.1016/j.cpc.2010.11.034,2011,"Computer Physics Communications;Elsevier (North-Holland), Amsterdam"
oai:zbmath.org:5539651,"Basko, M. M.; Maruhn, J.; Tauschwitz, An.",basko.mikhail-m;maruhn.joachim-alexander;tauschwitz.an,An efficient cell-centered diffusion scheme for quadrilateral grids,"J. Comput. Phys. 228, No. 6, 2175-2193 (2009).",65M06;35K05;65M12,English,,diffusion equation;quadrilateral grid;cell-centered scheme;numerical examples;algorithm;convergence,10.1016/j.jcp.2008.11.031,2009,"Journal of Computational Physics;Elsevier (Academic Press), Amsterdam"
oai:zbmath.org:6842874,"Wu, Fuyuan; Ramis, Rafael; Li, Zhenghong",wu.fuyuan;ramis.rafael;li.zhenghong,A conservative MHD scheme on unstructured Lagrangian grids for Z-pinch hydrodynamic simulations,"J. Comput. Phys. 357, 206-229 (2018).",76W05;76M25,English,,magnetohydrodynamics;Z-pinch;inertial confinement fusion;Lagrangian scheme,10.1016/j.jcp.2017.12.014,2018,"Journal of Computational Physics;Elsevier (Academic Press), Amsterdam"
oai:zbmath.org:6814015,"Sijoy, C. D.; Chaturvedi, S.",sijoy.c-d;chaturvedi.shashank,Combining node-centered parallel radiation transport and higher-order multi-material cell-centered hydrodynamics methods in three-temperature radiation hydrodynamics code TRHD,"Comput. Phys. Commun. 203, 94-109 (2016).",76M25;76X05,English,,radiation hydrodynamics;nonequilibrium radiation transport;cell-centered hydrodynamics;three-temperature radiation hydrodynamics,10.1016/j.cpc.2016.02.009,2016,"Computer Physics Communications;Elsevier (North-Holland), Amsterdam"
oai:zbmath.org:7115997,"Nikl, Jan; Kuchařík, Milan; Limpouch, Jiří; Liska, Richard; Weber, Stefan",nikl.jan;kucharik.milan;limpouch.jiri;liska.richard;weber.stefan,Wave-based laser absorption method for high-order transport -- hydrodynamic codes,"Adv. Comput. Math. 45, No. 4, 1953-1976 (2019).",78A60;78A40;78M10;78M12;76X05,English,,wave optics;laser absorption;hydrodynamics;semi-analytic;finite element method,10.1007/s10444-019-09671-3,2019,"Advances in Computational Mathematics;Springer US, New York, NY"
oai:zbmath.org:7300617,"Park, H.; Chacón, L.; Matsekh, A.; Chen, G.",park.hyeongkae;chacon.luis;matsekh.anna-m;chen.guangye,A multigroup moment-accelerated deterministic particle solver for 1-D time-dependent thermal radiative transfer problems,"J. Comput. Phys. 388, 416-438 (2019).",65M75;65Z05;80A21;35Q79,English,https://arxiv.org/abs/1901.05454,thermal radiative transfer;space-time characteristics;moment-based acceleration,10.1016/j.jcp.2019.03.015,2019,"Journal of Computational Physics;Elsevier (Academic Press), Amsterdam"
oai:zbmath.org:9382,"Renardy, Michael; Renardy, Yuriko",renardy.michael;renardy.yuriko-yamamuro,On the nature of boundary conditions for flows with moving free surfaces,"J. Comput. Phys. 93, No. 1, 325-335 (1991).",76D05;76E05;35R35,English,,small perturbations;plane parallel flow;moving free surface;inflow boundaries;outflow boundaries;FIDAP package,10.1016/0021-9991(91)90186-O,1991,"Journal of Computational Physics;Elsevier (Academic Press), Amsterdam"
oai:zbmath.org:5048712,"Aidun, Cyrus K.; Lu, Yannan",aidun.cyrus-k;lu.yannan,Lattice Boltzmann simulation of solid particles suspended in fluid,"J. Stat. Phys. 81, No. 1-2, 49-61 (1995).",82C40,English,,Lattice Boltzmann method;suspensions;boundary conditions,10.1007/BF02179967,1995,"Journal of Statistical Physics;Springer US, New York, NY"
oai:zbmath.org:1115945,"Chow, Edmond; Saad, Yousef",chow.edmond-g-w;saad.yousef,Experimental study of ILU preconditioners for indefinite matrices,"J. Comput. Appl. Math. 86, No. 2, 387-414 (1997).",65F10;65F50;65F35,English,,instability;incomplete LU factorization preconditioners;numerical experiments;pivoting;scaling;reordering,10.1016/S0377-0427(97)00171-4,1997,"Journal of Computational and Applied Mathematics;Elsevier (North-Holland), Amsterdam"
oai:zbmath.org:1383951,"de Farias Neto, S. R.; Legentilhomme, P.; Legrand, J.",de-farias-neto.severino-rodrigues;legentilhomme.patrick;legrand.jack,Finite-element simulation of laminar swirling decaying flow induced by means of a tangential inlet in an annulus,"Comput. Methods Appl. Mech. Eng. 165, No. 1-4, 189-213 (1998).",76M10;76D05,English,,exponential decay;annular swirling decaying flow;tangential inlet;laminar flow;Navier-Stokes equations;finite element method;FIDAP package;mesh generation,10.1016/S0045-7825(98)00040-1,1998,"Computer Methods in Applied Mechanics and Engineering;Elsevier (North-Holland), Amsterdam"
oai:zbmath.org:820342,"Thomas, Brian G.; Najjar, Fady M.",thomas.brian-g;najjar.fady-m,Finite element modelling of turbulent fluid flow and heat transfer in continuous casting,"Appl. Math. Modelling 15, No. 5, 226-243 (1991).",76M10;76F10;80A22;80A20,English,,wall laws;superheat;\(k\)-epsilon model;liquid pool;code FIDAP;convergence;modelling parameters,10.1016/0307-904X(91)90001-6,1991,"Applied Mathematical Modelling;Elsevier, New York, NY"
oai:zbmath.org:1618644,"Saad, Yousef; Zhang, Jun",saad.yousef;zhang.jun,Enhanced multi-level block ILU preconditioning strategies for general sparse linear systems,"J. Comput. Appl. Math. 130, No. 1-2, 99-118 (2001).",65F10;65N55;65F35;65F50;65F20,English,,incomplete LU factorization;multi-level ILU preconditioner;Krylov subspace methods;multi-elimination ILU factorization;algebraic multigrid method;large sparse linear systems;numerical experiments;preconditioning;singular-value decomposition;multi-level methods,10.1016/S0377-0427(99)00388-X,2001,"Journal of Computational and Applied Mathematics;Elsevier (North-Holland), Amsterdam"
oai:zbmath.org:1654806,"de Farias Neto, Severino Rodrigues; Legentilhomme, Patrick; Legrand, Jack",de-farias-neto.severino-rodrigues;legentilhomme.patrick;legrand.jack,Finite element simulation of mass transfer in laminar swirling decaying flow induced by means of a tangential inlet in an annulus,"Comput. Methods Appl. Mech. Eng. 190, No. 35-36, 4713-4731 (2001).",76M10;76D05;80A20,English,,FIDAP finite element package,10.1016/S0045-7825(00)00341-8,2001,"Computer Methods in Applied Mechanics and Engineering;Elsevier (North-Holland), Amsterdam"
oai:zbmath.org:5492898,"Zhao, Chongbin; Hobbs, Bruce E.; Ord, Alison",zhao.chongbin;hobbs.bruce-e;ord.alison,Fundamentals of computational geoscience. Numerical methods and algorithms,"Lecture Notes in Earth Sciences 122. Berlin: Springer (ISBN 978-3-540-89742-2/hbk; 978-3-540-89743-9/ebook). xvi, 241~p. (2009).",86-02;86-08,English,,earth sciences;geostatistics;finite element method;finite difference method;particle simulation method;convective pore-fluid flow;thermoelastic effect;double-diffusion effect;Fluids Dynamics Analysis Package (FIDAP);Fast Lagrangian Analysis of Continua (FLAC);heat transfer;reactive mass transport processes;hydrothermal systems;chemical dissolution;chemical kinetics;reactive transport system;non-equilibrium redox chemical reactions,10.1007/978-3-540-89743-9,2009,"Lecture Notes in Earth Sciences;Springer, Berlin"
oai:zbmath.org:4209819,"Pulicani, J. P.; Ouazzani, J.",pulicani.j-p;ouazzani.jalil,A Fourier-Chebyshev pseudospectral method for solving steady 3-D Navier- Stokes and heat equations in cylindrical cavities,"Comput. Fluids 20, No. 2, 93-109 (1991).",76M20;76D05;65N35;65N30;80A20,English,,Fourier-Chebyshev pseudospectral method;Navier-Stokes and energy equations;semi-implicit finite-difference scheme;generalized ADI procedure;Fourier-Galerkin approximation;Chebyshev-collocation approximation;artificial compressibility method;heat equations,10.1016/0045-7930(91)90014-9,1991,"Computers and Fluids;Elsevier (Pergamon), Oxford"
oai:zbmath.org:6629773,"Sathinarain, M.; Harley, C.; Momoniat, E.",sathinarain.m;harley.charis;momoniat.ebrahim,Numerical investigation of the parabolic mixed derivative diffusion equation via alternating direction implicit methods,"Comput. Math. Appl. 66, No. 8, 1452-1465 (2013).",65M06;35K20;76D99;65M12;65M15;76M20,English,,alternating direction implicit methods;von Neumann analysis;higher-grade fluid;two-dimensional flow;stability;kinematic viscosity;viscoelasticity;error analysis,10.1016/j.camwa.2013.08.025,2013,"Computers \& Mathematics with Applications;Elsevier (Pergamon), Oxford"
oai:zbmath.org:5186572,"Li, Jichun; Chen, Yitung; Liu, Guoqing",li.jichun;chen.yitung;liu.guoqing,High-order compact ADI methods for parabolic equations,"Comput. Math. Appl. 52, No. 8-9, 1343-1356 (2006).",65M06;35K05;65M12;65F05;35Q53,English,,high-order compact schemes;parabolic equations;ADI method;Burgers equation;alternating direction implicit methods;stability;linear diffusion problems;periodic boundary conditions;numerical examples,10.1016/j.camwa.2006.11.010,2006,"Computers \& Mathematics with Applications;Elsevier (Pergamon), Oxford"
oai:zbmath.org:5577822,"Bischof, Christian H.; Hovland, Paul D.; Norris, Boyana",bischof.christian-h;hovland.paul-d;norris.boyana,On the implementation of automatic differentiation tools,"High.-Order Symb. Comput. 21, No. 3, 311-331 (2008).",65D25;68W30,English,,semantic transformation;automatic differentiation;algorithms;computer program,10.1007/s10990-008-9034-4,2008,"Higher-Order and Symbolic Computation;Springer, Norwell, MA"
oai:zbmath.org:1103953,"Shevchenko, A. N.; Rokityanskaya, V. N.",shevchenko.a-n;rokityanskaya.v-n,Automatic differentiation of functions of many variables,"Cybern. Syst. Anal. 32, No. 5, 709-724 (1996); translation from Kibern. Sist. Anal. 1996, No. 5, 139-158 (1996).",68W30,English,,automatic differentiation methods,10.1007/BF02367774,1996,"Cybernetics and Systems Analysis;Springer US, New York, NY"
oai:zbmath.org:6496046,"D'Ambra, Pasqua; Filippone, Salvatore",dambra.pasqua;filippone.salvatore,A parallel generalized relaxation method for high-performance image segmentation on GPUs,"J. Comput. Appl. Math. 293, 35-44 (2016).",65K10;65N22;65Y05;68T45;65-04,English,,image segmentation;variational models;relaxation methods;GPU,10.1016/j.cam.2015.04.035,2016,"Journal of Computational and Applied Mathematics;Elsevier (North-Holland), Amsterdam"
oai:zbmath.org:5777733,"Emans, Maximilian",emans.maximilian,Performance of parallel AMG-preconditioners in CFD-codes for weakly compressible flows,"Parallel Comput. 36, No. 5-6, 326-338 (2010).",68W10;68M99,English,,algebraic multigrid;CFD;pressure-velocity coupling,10.1016/j.parco.2009.12.009,2010,"Parallel Computing;Elsevier (North Holland), Amsterdam"
oai:zbmath.org:6816865,"Borzì, Alfio; De Simone, Valentina; di Serafino, Daniela",borzi.alfio;de-simone.valentina;di-serafino.daniela,Parallel algebraic multilevel Schwarz preconditioners for a class of elliptic PDE systems,"Comput. Vis. Sci. 16, No. 1, 1-14 (2013).",65F08;65N55;49J20;65Y05,English,http://citeseerx.ist.psu.edu/viewdoc/summary?doi=10.1.1.433.4695,systems of elliptic PDEs;algebraic multilevel preconditioners;Schwarz methods;smoothed aggregation;parallel computing,10.1007/s00791-014-0220-0,2013,"Computing and Visualization in Science;Springer, Berlin/Heidelberg"
