paper_id,journal,publisher
oai:zbmath.org:7188252,Computer Methods in Applied Mechanics and Engineering,"Elsevier (North-Holland), Amsterdam"
oai:zbmath.org:7206170,Computer Methods in Applied Mechanics and Engineering,"Elsevier (North-Holland), Amsterdam"
oai:zbmath.org:7138575,Japan Journal of Industrial and Applied Mathematics,"Springer Japan, Tokyo"
oai:zbmath.org:6911772,Computational Geosciences,"Springer International Publishing, Cham"
oai:zbmath.org:6910452,Journal of Computational and Applied Mathematics,"Elsevier (North-Holland), Amsterdam"
oai:zbmath.org:6915848,Engineering Analysis with Boundary Elements,"Elsevier, Oxford; Association with the International Society of Boundary Elements (ISBE)"
oai:zbmath.org:7055073,Computer Methods in Applied Mechanics and Engineering,"Elsevier (North-Holland), Amsterdam"
oai:zbmath.org:6475762,Journal of Computational and Applied Mathematics,"Elsevier (North-Holland), Amsterdam"
oai:zbmath.org:5181224,Studies in Computational Mathematics,"Elsevier, Amsterdam"
oai:zbmath.org:5762200,Journal of Computational Physics,"Elsevier (Academic Press), Amsterdam"
oai:zbmath.org:6648376,Archives of Computational Methods in Engineering,"Springer Netherlands, Dordrecht; International Center for Numerical Methods in Engineering (CIMNE), Barcelona"
oai:zbmath.org:5798197,Journal of Computational and Applied Mathematics,"Elsevier (North-Holland), Amsterdam"
oai:zbmath.org:5187737,"Applicable Algebra in Engineering, Communication and Computing","Springer, Berlin/Heidelberg"
oai:zbmath.org:5187739,"Applicable Algebra in Engineering, Communication and Computing","Springer, Berlin/Heidelberg"
oai:zbmath.org:5534910,Journal of Computational and Applied Mathematics,"Elsevier (North-Holland), Amsterdam"
oai:zbmath.org:5537689,The Journal of Supercomputing,"Springer, Norwell, MA"
oai:zbmath.org:6128531,Computational Mechanics,"Springer, Berlin/Heidelberg"
oai:zbmath.org:5909607,Computers and Fluids,"Elsevier (Pergamon), Oxford"
oai:zbmath.org:5706020,Computational Management Science,"Springer, Berlin/Heidelberg"
oai:zbmath.org:6666873,Journal of Computational Physics,"Elsevier (Academic Press), Amsterdam"
oai:zbmath.org:6327173,Computational Mechanics,"Springer, Berlin/Heidelberg"
oai:zbmath.org:5969837,Journal of Computational and Applied Mathematics,"Elsevier (North-Holland), Amsterdam"
oai:zbmath.org:5982908,Computer Methods in Applied Mechanics and Engineering,"Elsevier (North-Holland), Amsterdam"
oai:zbmath.org:6265830,Journal of Non-Newtonian Fluid Mechanics,"Elsevier Science B.V., Amsterdam"
oai:zbmath.org:6042299,Computer Methods in Applied Mechanics and Engineering,"Elsevier (North-Holland), Amsterdam"
oai:zbmath.org:6054722,Computers and Fluids,"Elsevier (Pergamon), Oxford"
oai:zbmath.org:6220134,Structural and Multidisciplinary Optimization,"Springer, Heidelberg"
oai:zbmath.org:5128211,Computers and Fluids,"Elsevier (Pergamon), Oxford"
oai:zbmath.org:5134450,ETNA. Electronic Transactions on Numerical Analysis,"Kent State University, Department of Mathematics and Computer Science, Kent"
oai:zbmath.org:5777718,Parallel Computing,"Elsevier (North Holland), Amsterdam"
oai:zbmath.org:7073637,Journal of Computational Physics,"Elsevier (Academic Press), Amsterdam"
oai:zbmath.org:7235951,Computers \& Mathematics with Applications,"Elsevier (Pergamon), Oxford"
oai:zbmath.org:7256640,Computers \& Mathematics with Applications,"Elsevier (Pergamon), Oxford"
oai:zbmath.org:7301661,Journal of Computational Physics,"Elsevier (Academic Press), Amsterdam"
oai:zbmath.org:7308040,Computers \& Mathematics with Applications,"Elsevier (Pergamon), Oxford"
oai:zbmath.org:7348524,SMAI Journal of Computational Mathematics,"French Mathematical Society for Applied and Industrial Mathematics, Institut Henri Poincaré, Paris"
oai:zbmath.org:7427370,Computer Methods in Applied Mechanics and Engineering,"Elsevier (North-Holland), Amsterdam"
oai:zbmath.org:6814015,Computer Physics Communications,"Elsevier (North-Holland), Amsterdam"
oai:zbmath.org:6829565,Journal of Computational Physics,"Elsevier (Academic Press), Amsterdam"
oai:zbmath.org:6842874,Journal of Computational Physics,"Elsevier (Academic Press), Amsterdam"
oai:zbmath.org:7115997,Advances in Computational Mathematics,"Springer US, New York, NY"
oai:zbmath.org:5539651,Journal of Computational Physics,"Elsevier (Academic Press), Amsterdam"
oai:zbmath.org:6145394,Computer Physics Communications,"Elsevier (North-Holland), Amsterdam"
oai:zbmath.org:7300617,Journal of Computational Physics,"Elsevier (Academic Press), Amsterdam"
oai:zbmath.org:5048712,Journal of Statistical Physics,"Springer US, New York, NY"
oai:zbmath.org:1115945,Journal of Computational and Applied Mathematics,"Elsevier (North-Holland), Amsterdam"
oai:zbmath.org:1383951,Computer Methods in Applied Mechanics and Engineering,"Elsevier (North-Holland), Amsterdam"
oai:zbmath.org:5492898,Lecture Notes in Earth Sciences,"Springer, Berlin"
oai:zbmath.org:1618644,Journal of Computational and Applied Mathematics,"Elsevier (North-Holland), Amsterdam"
oai:zbmath.org:1654806,Computer Methods in Applied Mechanics and Engineering,"Elsevier (North-Holland), Amsterdam"
oai:zbmath.org:820342,Applied Mathematical Modelling,"Elsevier, New York, NY"
oai:zbmath.org:4209819,Computers and Fluids,"Elsevier (Pergamon), Oxford"
oai:zbmath.org:7075001,Journal of Computational Physics,"Elsevier (Academic Press), Amsterdam"
oai:zbmath.org:5186572,Computers \& Mathematics with Applications,"Elsevier (Pergamon), Oxford"
oai:zbmath.org:6629773,Computers \& Mathematics with Applications,"Elsevier (Pergamon), Oxford"
oai:zbmath.org:5577822,Higher-Order and Symbolic Computation,"Springer, Norwell, MA"
oai:zbmath.org:1103953,Cybernetics and Systems Analysis,"Springer US, New York, NY"
oai:zbmath.org:6816865,Computing and Visualization in Science,"Springer, Berlin/Heidelberg"
oai:zbmath.org:6496046,Journal of Computational and Applied Mathematics,"Elsevier (North-Holland), Amsterdam"
oai:zbmath.org:5777733,Parallel Computing,"Elsevier (North Holland), Amsterdam"
